{
  "technical_data": {
    "Pelton": {
      "usage_profile": {"nature": "LVE", "max_efficiency": 0.9, "max_power": 350000, "relative_min_flow": 0.1,
      "efficiency": {
   "relative_flow": [4.99,5.499,5.657,6.364,6.818,7.323,7.727,8.299,8.434,8.737,9.394,9.572,10.051,10.404,11.263,11.354,12.576,13.586,14.153,14.343,15.96,16.818,17.717,18.283,19.545,19.697,19.747,19.899,19.949,20.152,20.354,20.455,20.556,20.909,21.111,21.313,21.364,22.044,22.071,22.374,22.525,22.778,23.081,23.889,24.192,24.798,25.707,26.515,26.768,27.389,27.576,27.626,28.535,29.545,29.646,30.505,30.96,31.616,32.828,32.929,33.243,34.091,34.596,34.697,36.515,37.121,37.98,39.097,39.141,39.242,41.162,41.263,42.778,43.232,44.848,45.206,45.758,47.222,48.131,49.141,50.253,51.162,51.569,52.525,53.384,55.505,55.707,57.475,57.933,58.283,60.202,60.404,62.525,62.576,65.051,65.202,67.475,68.081,69.343,70.152,72.475,73.131,75.101,75.505,78.636,78.939,81.313,83.838,84.949,87.172,87.475,89.697,90.152,91.768,91.785,94.697,95,96.97,97.639,97.98,98.535,98.939],
   "relative_efficiency": [0.28691,0.35057,0.36594,0.43337,0.47561,0.52153,0.55725,0.60524,0.61575,0.63713,0.66259,0.66639,0.68225,0.6954,0.72483,0.72757,0.75757,0.77668,0.78625,0.78933,0.81373,0.82559,0.83733,0.84442,0.85919,0.86085,0.8614,0.86303,0.86357,0.8657,0.86778,0.8688,0.86981,0.87326,0.87517,0.87703,0.87749,0.88337,0.88359,0.88603,0.88722,0.88914,0.89137,0.89694,0.89891,0.90267,0.90793,0.91228,0.91359,0.91673,0.91765,0.91789,0.92222,0.92682,0.92727,0.93102,0.93297,0.93574,0.94077,0.94118,0.94248,0.94595,0.94799,0.94839,0.95532,0.95743,0.96015,0.96313,0.96324,0.96346,0.96672,0.96685,0.96849,0.96894,0.97066,0.97108,0.97177,0.97379,0.97516,0.97678,0.97872,0.98053,0.98158,0.98153,0.98161,0.98208,0.98215,0.98481,0.98445,0.98417,0.98269,0.98254,0.98095,0.98091,0.97909,0.97898,0.97733,0.97689,0.97598,0.9754,0.97375,0.97328,0.9719,0.97161,0.96943,0.96922,0.96758,0.96586,0.96511,0.96364,0.96344,0.962,0.96171,0.96071,0.9607,0.9518,0.95115,0.94707,0.94573,0.94128,0.93993,0.93568]
}
      },
      "efficiency_variation": 0
    },

    "Francis": {
      "usage_profile": {"nature": "LVE", "max_efficiency": 0.9, "max_power": 1000000, "relative_min_flow": 0.3,
      "efficiency": {
   "relative_flow": [4.99,5.499,5.657,6.364,6.818,7.323,7.727,8.299,8.434,8.737,9.394,9.572,10.051,10.404,11.263,11.354,12.576,13.586,14.153,14.343,15.96,16.818,17.717,18.283,19.545,19.697,19.747,19.899,19.949,20.152,20.354,20.455,20.556,20.909,21.111,21.313,21.364,22.044,22.071,22.374,22.525,22.778,23.081,23.889,24.192,24.798,25.707,26.515,26.768,27.389,27.576,27.626,28.535,29.545,29.646,30.505,30.96,31.616,32.828,32.929,33.243,34.091,34.596,34.697,36.515,37.121,37.98,39.097,39.141,39.242,41.162,41.263,42.778,43.232,44.848,45.206,45.758,47.222,48.131,49.141,50.253,51.162,51.569,52.525,53.384,55.505,55.707,57.475,57.933,58.283,60.202,60.404,62.525,62.576,65.051,65.202,67.475,68.081,69.343,70.152,72.475,73.131,75.101,75.505,78.636,78.939,81.313,83.838,84.949,87.172,87.475,89.697,90.152,91.768,91.785,94.697,95,96.97,97.639,97.98,98.535,98.939],
   "relative_efficiency": [0,0,0.00079,0.03113,0.05034,0.08269,0.10039,0.12484,0.13073,0.1464,0.17926,0.18271,0.18889,0.22275,0.26067,0.26418,0.31276,0.35877,0.40093,0.40982,0.46192,0.51146,0.54814,0.56658,0.60149,0.60586,0.60737,0.61205,0.61364,0.62007,0.62628,0.62921,0.63203,0.64125,0.64622,0.65108,0.65228,0.66829,0.66893,0.67638,0.68083,0.68903,0.69725,0.71888,0.72764,0.74115,0.75558,0.76801,0.77228,0.7829,0.78556,0.78624,0.79736,0.80852,0.80958,0.81803,0.82278,0.83023,0.84359,0.84459,0.84746,0.85332,0.85629,0.8569,0.86833,0.87208,0.87718,0.88427,0.88458,0.88532,0.89908,0.89956,0.90321,0.90471,0.91378,0.91593,0.91898,0.92483,0.92819,0.93322,0.9389,0.94211,0.9432,0.94558,0.94781,0.95381,0.95444,0.96048,0.96202,0.96315,0.96769,0.96789,0.96932,0.96946,0.97904,0.97936,0.97917,0.97919,0.97976,0.97959,0.97891,0.9791,0.98006,0.98001,0.97922,0.97924,0.98003,0.9805,0.97981,0.97561,0.97477,0.96975,0.9692,0.96801,0.968,0.96621,0.96591,0.96262,0.96093,0.96,0.95865,0.95803]
}
      },
      "efficiency_variation": 0
    },

    "Kaplan": {
      "usage_profile": {"nature": "LVE", "max_efficiency": 0.9, "max_power": 400000, "relative_min_flow": 0.2,
      "efficiency": {
   "relative_flow": [4.99,5.499,5.657,6.364,6.818,7.323,7.727,8.299,8.434,8.737,9.394,9.572,10.051,10.404,11.263,11.354,12.576,13.586,14.153,14.343,15.96,16.818,17.717,18.283,19.545,19.697,19.747,19.899,19.949,20.152,20.354,20.455,20.556,20.909,21.111,21.313,21.364,22.044,22.071,22.374,22.525,22.778,23.081,23.889,24.192,24.798,25.707,26.515,26.768,27.389,27.576,27.626,28.535,29.545,29.646,30.505,30.96,31.616,32.828,32.929,33.243,34.091,34.596,34.697,36.515,37.121,37.98,39.097,39.141,39.242,41.162,41.263,42.778,43.232,44.848,45.206,45.758,47.222,48.131,49.141,50.253,51.162,51.569,52.525,53.384,55.505,55.707,57.475,57.933,58.283,60.202,60.404,62.525,62.576,65.051,65.202,67.475,68.081,69.343,70.152,72.475,73.131,75.101,75.505,78.636,78.939,81.313,83.838,84.949,87.172,87.475,89.697,90.152,91.768,91.785,94.697,95,96.97,97.639,97.98,98.535,98.939],
   "relative_efficiency": [0,0,0,0,0,0,0,0,0,0,0,0,0,0,0,0,0,0,0,0,0,0,0,0,0,0.00251,0.02574,0.08181,0.05353,0.10859,0.12475,0.1278,0.14548,0.16873,0.19198,0.21789,0.22027,0.23568,0.23647,0.25181,0.26275,0.27673,0.28904,0.31779,0.329,0.35253,0.38817,0.41637,0.42357,0.4386,0.44382,0.44536,0.47467,0.49695,0.49942,0.52427,0.53679,0.5521,0.57338,0.5752,0.58112,0.60021,0.61806,0.62044,0.65184,0.66126,0.67515,0.6943,0.69491,0.69626,0.71824,0.71933,0.736,0.74122,0.75883,0.76234,0.76754,0.78117,0.79045,0.80046,0.80939,0.81622,0.81942,0.82716,0.83401,0.84938,0.85079,0.86328,0.86656,0.86911,0.883,0.88436,0.8973,0.8976,0.91163,0.91238,0.9232,0.92667,0.93629,0.94142,0.94959,0.95167,0.95886,0.95987,0.96458,0.96521,0.97077,0.97246,0.97247,0.97167,0.97159,0.9717,0.97161,0.9713,0.9713,0.96993,0.96913,0.96096,0.96,0.96031,0.96154,0.9625]
        }
      },
      "efficiency_variation": 0
    }
  }
}