{
  "technical_data": {
    "dual_source_heat_pump_air_mode": {
      "Source": "Air",
      "Temperature_range": [-6.92, -6.68434216239687, -6.44132001736865, -6.19829787234042, -5.9552757273122, -5.70258792878853, -5.4778231292517, -5.22620929222753, -4.97398176291793, -4.7511072514112, -4.49714285714285, -4.24997828918801, -4.00015631784628, -3.61342596613113, -3.3924967433782, -3.03900998697351, -2.79598784194528, -2.57782023447676, -2.3486061658706, -2.1037429439861, -1.82389926183239, -1.58087711680416, -1.33785497177594, -1.09483282674772, -0.851810681719497, -0.608788536691273, -0.366938775510206, -0.121166180758018, 0.11536836011, 0.363300043421622, 0.606322188449846, 0.84934433347807, 1.09236647850629, 1.33538862353451, 1.57841076856274, 1.82143291359096, 2.06445505861919, 2.30747720364741, 2.55049934867563, 2.79352149370386, 3.03654363873208, 3.27956578376031, 3.5317933130699, 3.77234414738539, 3.99390360399478, 4.21493703864524, 4.47258358662613, 4.71560573165436, 4.95862787668258, 5.20165002171081, 5.44467216673903, 5.68769431176725, 5.93071645679548, 6.1737386018237, 6.41676074685193, 6.65978289188015, 6.90280503690837, 7.1458271819366, 7.38884932696482, 7.65080826251473, 7.87605640240418, 8.08891880156317, 8.31675206252713, 8.55977420755536, 8.80279635258358, 9.04581849761181, 9.28884064264003, 9.53186278766825, 9.77488493269648, 10.0179070777247, 10.2609292227529, 10.5039513677811, 10.7469735128093, 10.9899956578376, 11.2330178028658, 11.476039947894, 11.718061658706, 11.9630047763786, 12.2284647354382, 12.4481285280069, 12.6911506730351, 12.9341728180633, 13.1771949630916, 13.4202171081198, 13.663239253148, 13.9062613981762, 14.1492835432045, 14.3923056882327, 14.6353278332609, 14.8783499782891, 15.1213721233174, 15.3643942683456, 15.6074164133738, 15.850438558402, 16.0453761078899, 16.2867737733391, 16.5353191489361, 16.7783412939643, 17.0213634389926, 17.2643855840208, 17.507407729049, 17.7504298740772, 17.9934520191055, 18.2364741641337, 18.4794963091619, 18.7225184541901, 18.9655405992184, 19.2085627442466, 19.4515848892748, 19.6824003473729, 19.8938601823708, 20.0591402518454],
      "COP": [2.44537509448223, 2.44496538514395, 2.45099721706864, 2.46103509585652, 2.47988172541743, 2.49038052721088, 2.49945672713529, 2.50774196042053, 2.52088192419825, 2.53218478363567, 2.5439368171511, 2.55793407206632, 2.56939548546691, 2.58934240362811, 2.60361394557823, 2.62573824984539, 2.64048778602349, 2.65459715136054, 2.66839923469387, 2.6828585600907, 2.70051020408163, 2.71546459492888, 2.73021413110698, 2.74516852195423, 2.76012291280148, 2.77528215831787, 2.79192017431972, 2.80230199222546, 2.81413454270597, 2.835304576376, 2.85148809523809, 2.86746675943104, 2.88303571428571, 2.89839981447124, 2.91458333333333, 2.92953772418058, 2.94551638837353, 2.9610853432282, 2.97644944341372, 2.99242810760667, 3.0077922077922, 3.02336116264687, 3.03626700680272, 3.05514711269995, 3.07269935752078, 3.09410745779793, 3.1122680890538, 3.13336811997526, 3.15508271490414, 3.17659245516388, 3.19789734075448, 3.21940708101422, 3.2411216759431, 3.26222170686456, 3.28393630179344, 3.30524118738404, 3.32675092764378, 3.34846552257266, 3.36977040816326, 3.38045490304965, 3.40803907089151, 3.43765412414965, 3.45021000824572, 3.46830550401978, 3.48838126159554, 3.50784245516388, 3.52730364873222, 3.54696969696969, 3.56663574520717, 3.58671150278293, 3.60617269635126, 3.6256338899196, 3.64529993815708, 3.66496598639455, 3.68463203463203, 3.70470779220779, 3.72006058673469, 3.74255066609977, 3.76312408892128, 3.79340986394557, 3.81819727891156, 3.84298469387755, 3.86777210884353, 3.89255952380952, 3.91611781076066, 3.94111008039579, 3.96569264069264, 3.99068491032776, 4.01526747062461, 4.04025974025974, 4.06484230055658, 4.08983457019171, 4.11282950680272, 4.12922271181199, 4.16349789915966, 4.17895014487276, 4.21274737167594, 4.23917362399505, 4.26559987631416, 4.29182127396413, 4.31824752628324, 4.34487863327149, 4.37110003092145, 4.39752628324056, 4.42395253555967, 4.45037878787878, 4.47680504019789, 4.50302643784786, 4.52965754483611, 4.55020518392542, 4.57428830227743, 4.60688775510204]
    },

    "dual_source_heat_pump_ground_mode": {
      "Source": "Ground",
      "Temperature_range": [-4.98734089989874, -4.82603235912743, -4.63383539233936, -4.45843440326432, -4.28303341418927, -4.10763242511422, -3.93223143603918, -3.75683044696413, -3.58142945788909, -3.40602846881404, -3.230627479739, -3.05522649066395, -2.87982550158891, -2.70442451251386, -2.52902352343882, -2.35362253436377, -2.17822154528872, -2.00282055621368, -1.82741956713863, -1.65201857806359, -1.47661758898854, -1.3012165999135, -1.12581561083845, -0.95041462176341, -0.775013632688364, -0.599612643613318, -0.424211654538273, -0.233861717530695, -0.0643621729658487, 0.0966886670051323, 0.277392301761909, 0.452793290836954, 0.628194279911999, 0.803595268987045, 0.978996258062091, 1.15439724713713, 1.32979823621218, 1.50519922528722, 1.68060021436227, 1.85600120343731, 2.03140219251236, 2.20680318158741, 2.38220417066245, 2.5576051597375, 2.73300614881254, 2.90840713788759, 3.08380812696263, 3.25920911603768, 3.43461010511272, 3.61001109418777, 3.78541208326281, 3.96081307233786, 4.13621406141291, 4.31161505048795, 4.487016039563, 4.66241702863804, 4.8449935127207, 5.01321900678813, 5.183637013219, 5.36402098493823, 5.53942197401327, 5.71482296308832, 5.89022395216336, 6.06562494123841, 6.24102593031345, 6.4164269193885, 6.59182790846354, 6.76722889753859, 6.94262988661364, 7.11803087568868, 7.29343186476373, 7.46883285383877, 7.64423384291382, 7.81963483198886, 7.99503582106391, 8.17043681013895, 8.345837799214, 8.52123878828905, 8.69663977736409, 8.87204076643914, 9.04744175551418, 9.22284274458923, 9.39824373366427, 9.57364472273932, 9.7639946597469, 9.925833269973, 10.0770737132219, 10.2752486790395, 10.4506496681145, 10.6260506571895, 10.8014516462646, 10.9768526353396, 11.1522536244147, 11.3276546134897, 11.5030556025648, 11.6784565916398, 11.8538575807149, 12.0292585697899, 12.204659558865, 12.38006054794, 12.555461537015, 12.7308625260901, 12.9062635151651, 13.0816645042402, 13.2570654933152, 13.4324664823903, 13.6078674714653, 13.7832684605404, 13.9586694496154, 14.1340704386905, 14.3094714277655, 14.4848724168405, 14.6602734059156, 14.8344956711177, 15.0117397817516],